year,TOPEX/Poseidon,Jason-1,Jason-2,Jason-3,Sentinel-6MF,date
1993.0129,-16.92,,,,,1/4/1993
1993.0412,-9.52,,,,,1/15/1993
1993.0644,-35.02,,,,,1/23/1993
1993.0978,-35.12,,,,,2/4/1993
1993.1213,-38.22,,,,,2/13/1993
1993.1501,-49.72,,,,,2/23/1993
1993.1772,-64.02,,,,,3/5/1993
1993.2042,-61.42,,,,,3/15/1993
1993.2315,-79.92,,,,,3/25/1993
1993.2856,-60.32,,,,,4/14/1993
1993.313,-68.02,,,,,4/24/1993
1993.34,-71.52,,,,,5/4/1993
1993.3673,-62.02,,,,,5/14/1993
1993.3944,-55.92,,,,,5/24/1993
1993.4215,-61.12,,,,,6/2/1993
1993.4486,-44.22,,,,,6/12/1993
1993.4744,-47.92,,,,,6/22/1993
1993.503,-32.62,,,,,7/2/1993
1993.5301,-22.92,,,,,7/12/1993
1993.5844,-0.12,,,,,8/1/1993
1993.6121,6.88,,,,,8/11/1993
1993.6389,21.78,,,,,8/21/1993
1993.666,18.28,,,,,8/31/1993
1993.6929,27.78,,,,,9/10/1993
1993.7196,42.28,,,,,9/19/1993
1993.7471,39.78,,,,,9/29/1993
1993.7744,45.08,,,,,10/9/1993
1993.8016,35.38,,,,,10/19/1993
1993.8559,34.28,,,,,11/8/1993
1993.8829,23.68,,,,,11/18/1993
1993.9102,29.38,,,,,11/28/1993
1993.9372,15.88,,,,,12/8/1993
1993.9645,1.48,,,,,12/18/1993
1993.9912,1.38,,,,,12/28/1993
1994.0187,-21.52,,,,,1/6/1994
1994.0455,-30.32,,,,,1/16/1994
1994.0728,-44.22,,,,,1/26/1994
1994.1001,-43.92,,,,,2/5/1994
1994.1273,-44.22,,,,,2/15/1994
1994.1545,-55.22,,,,,2/25/1994
1994.1817,-57.72,,,,,3/7/1994
1994.2358,-67.62,,,,,3/27/1994
1994.2632,-60.52,,,,,4/6/1994
1994.2902,-75.52,,,,,4/15/1994
1994.3175,-66.12,,,,,4/25/1994
1994.3444,-53.72,,,,,5/5/1994
1994.3717,-47.92,,,,,5/15/1994
1994.3989,-43.92,,,,,5/25/1994
1994.426,-48.62,,,,,6/4/1994
1994.4531,-42.22,,,,,6/14/1994
1994.5074,-13.92,,,,,7/4/1994
1994.5345,-24.92,,,,,7/14/1994
1994.5617,-17.52,,,,,7/24/1994
1994.5889,13.88,,,,,8/3/1994
1994.616,17.68,,,,,8/12/1994
1994.6432,20.18,,,,,8/22/1994
1994.6704,31.98,,,,,9/1/1994
1994.6974,44.88,,,,,9/11/1994
1994.7246,45.98,,,,,9/21/1994
1994.7515,52.68,,,,,10/1/1994
1994.7787,47.48,,,,,10/11/1994
1994.8063,38.98,,,,,10/21/1994
1994.8332,32.88,,,,,10/31/1994
1994.8876,37.88,,,,,11/20/1994
1994.9146,32.08,,,,,11/30/1994
1994.9419,26.68,,,,,12/10/1994
1994.969,7.58,,,,,12/19/1994
1994.9963,-3.22,,,,,12/29/1994
1995.0234,-13.22,,,,,1/8/1995
1995.0502,-18.72,,,,,1/18/1995
1995.0771,-34.02,,,,,1/28/1995
1995.1043,-38.02,,,,,2/7/1995
1995.1316,-33.82,,,,,2/17/1995
1995.1587,-21.72,,,,,2/26/1995
1995.2132,-54.42,,,,,3/18/1995
1995.2406,-53.92,,,,,3/28/1995
1995.2675,-41.82,,,,,4/7/1995
1995.2947,-45.02,,,,,4/17/1995
1995.3219,-49.82,,,,,4/27/1995
1995.3762,-30.82,,,,,5/17/1995
1995.4034,-28.32,,,,,5/27/1995
1995.4304,-37.12,,,,,6/6/1995
1995.4576,-32.22,,,,,6/16/1995
1995.4847,-32.92,,,,,6/26/1995
1995.5391,1.88,,,,,7/15/1995
1995.5662,2.98,,,,,7/25/1995
1995.5933,15.28,,,,,8/4/1995
1995.6205,43.28,,,,,8/14/1995
1995.6477,43.18,,,,,8/24/1995
1995.6746,47.18,,,,,9/3/1995
1995.7019,48.18,,,,,9/13/1995
1995.7291,58.18,,,,,9/23/1995
1995.7563,61.78,,,,,10/3/1995
1995.7835,60.28,,,,,10/13/1995
1995.8377,42.38,,,,,11/1/1995
1995.8648,43.98,,,,,11/11/1995
1995.8904,34.38,,,,,11/21/1995
1995.9462,21.48,,,,,12/11/1995
1995.9735,8.58,,,,,12/21/1995
1996.0006,-12.42,,,,,12/31/1995
1996.0277,-12.02,,,,,1/10/1996
1996.0544,-27.42,,,,,1/19/1996
1996.0817,-39.02,,,,,1/29/1996
1996.1091,-42.02,,,,,2/8/1996
1996.1637,-43.62,,,,,2/28/1996
1996.1903,-48.82,,,,,3/9/1996
1996.217,-62.22,,,,,3/19/1996
1996.2449,-73.12,,,,,3/29/1996
1996.2719,-59.82,,,,,4/8/1996
1996.2993,-67.12,,,,,4/18/1996
1996.3263,-54.32,,,,,4/28/1996
1996.3537,-57.02,,,,,5/8/1996
1996.3807,-51.22,,,,,5/18/1996
1996.4077,-37.62,,,,,5/27/1996
1996.4348,-46.42,,,,,6/6/1996
1996.4892,-37.12,,,,,6/26/1996
1996.5164,-6.22,,,,,7/6/1996
1996.5435,10.28,,,,,7/16/1996
1996.5707,19.28,,,,,7/26/1996
1996.598,8.38,,,,,8/5/1996
1996.6251,22.48,,,,,8/15/1996
1996.6521,34.38,,,,,8/25/1996
1996.6793,50.58,,,,,9/4/1996
1996.7057,45.18,,,,,9/13/1996
1996.7338,50.18,,,,,9/24/1996
1996.7607,57.28,,,,,10/3/1996
1996.8151,58.78,,,,,10/23/1996
1996.8422,55.48,,,,,11/2/1996
1996.8691,55.78,,,,,11/12/1996
1996.8965,30.18,,,,,11/22/1996
1996.9236,19.58,,,,,12/2/1996
1996.9509,16.88,,,,,12/12/1996
1996.9773,8.88,,,,,12/21/1996
1997.005,0.58,,,,,1/1/1997
1997.0324,12.08,,,,,1/11/1997
1997.0592,6.58,,,,,1/21/1997
1997.0863,-20.32,,,,,1/31/1997
1997.141,-44.22,,,,,2/20/1997
1997.1676,-41.72,,,,,3/2/1997
1997.1951,-26.62,,,,,3/12/1997
1997.2222,-46.12,,,,,3/22/1997
1997.2493,-63.02,,,,,4/1/1997
1997.2765,-60.82,,,,,4/10/1997
1997.3037,-54.12,,,,,4/20/1997
1997.3309,-44.42,,,,,4/30/1997
1997.3579,-40.22,,,,,5/10/1997
1997.3852,-39.52,,,,,5/20/1997
1997.4121,-35.92,,,,,5/30/1997
1997.4664,-28.52,,,,,6/19/1997
1997.4937,-17.52,,,,,6/29/1997
1997.5207,-15.62,,,,,7/9/1997
1997.548,-11.12,,,,,7/19/1997
1997.5752,3.08,,,,,7/29/1997
1997.6294,20.78,,,,,8/17/1997
1997.6567,36.38,,,,,8/27/1997
1997.6835,50.58,,,,,9/6/1997
1997.7109,47.08,,,,,9/16/1997
1997.7381,48.08,,,,,9/26/1997
1997.7923,62.18,,,,,10/16/1997
1997.8194,53.18,,,,,10/26/1997
1997.8466,47.08,,,,,11/5/1997
1997.8737,43.28,,,,,11/15/1997
1997.9009,22.28,,,,,11/25/1997
1997.9279,9.38,,,,,12/4/1997
1997.955,2.58,,,,,12/14/1997
1997.9823,2.18,,,,,12/24/1997
1998.0097,3.88,,,,,1/3/1998
1998.0369,2.78,,,,,1/13/1998
1998.091,-36.82,,,,,2/2/1998
1998.1181,-26.62,,,,,2/12/1998
1998.1452,-30.72,,,,,2/22/1998
1998.1723,-35.62,,,,,3/3/1998
1998.1994,-41.42,,,,,3/13/1998
1998.2266,-61.12,,,,,3/23/1998
1998.254,-39.72,,,,,4/2/1998
1998.2811,-47.62,,,,,4/12/1998
1998.3081,-53.22,,,,,4/22/1998
1998.3353,-43.62,,,,,5/2/1998
1998.3625,-34.42,,,,,5/12/1998
1998.4165,-38.32,,,,,6/1/1998
1998.4439,-35.12,,,,,6/11/1998
1998.4711,-16.42,,,,,6/21/1998
1998.4982,-2.02,,,,,6/30/1998
1998.5253,17.08,,,,,7/10/1998
1998.5525,32.38,,,,,7/20/1998
1998.6068,26.98,,,,,8/9/1998
1998.634,37.18,,,,,8/19/1998
1998.661,53.98,,,,,8/29/1998
1998.6881,67.08,,,,,9/8/1998
1998.7153,72.78,,,,,9/18/1998
1998.7425,56.28,,,,,9/28/1998
1998.7694,61.58,,,,,10/8/1998
1998.824,77.78,,,,,10/27/1998
1998.851,63.28,,,,,11/6/1998
1998.8782,42.48,,,,,11/16/1998
1998.9052,38.98,,,,,11/26/1998
1998.9324,26.78,,,,,12/6/1998
1998.9599,40.98,,,,,12/16/1998
1998.9867,36.78,,,,,12/26/1998
1999.0142,19.78,,,,,1/5/1999
1999.0411,1.18,,,,,1/15/1999
1999.0955,1.88,,,,,2/3/1999
1999.1255,-13.32,,,,,2/14/1999
1999.1496,-13.42,,,,,2/23/1999
1999.1767,-34.12,,,,,3/5/1999
1999.2042,-36.02,,,,,3/15/1999
1999.231,-63.82,,,,,3/25/1999
1999.2585,-47.62,,,,,4/4/1999
1999.2852,-33.82,,,,,4/14/1999
1999.3396,-36.72,,,,,5/4/1999
1999.3669,-44.22,,,,,5/14/1999
1999.3939,-38.42,,,,,5/23/1999
1999.4212,-15.12,,,,,6/2/1999
1999.4483,-15.62,,,,,6/12/1999
1999.4755,-11.62,,,,,6/22/1999
1999.5026,0.28,,,,,7/2/1999
1999.5298,16.98,,,,,7/12/1999
1999.557,24.78,,,,,7/22/1999
1999.5842,36.08,,,,,8/1/1999
1999.6113,38.38,,,,,8/11/1999
1999.6383,50.68,,,,,8/21/1999
1999.6926,63.68,,,,,9/9/1999
1999.7197,70.98,,,,,9/19/1999
1999.7466,79.68,,,,,9/29/1999
1999.7741,58.18,,,,,10/9/1999
1999.8011,65.18,,,,,10/19/1999
1999.8285,58.08,,,,,10/29/1999
1999.8556,66.78,,,,,11/8/1999
1999.8828,55.88,,,,,11/18/1999
1999.9087,47.78,,,,,11/27/1999
1999.9642,21.58,,,,,12/18/1999
1999.9912,20.98,,,,,12/28/1999
2000.0184,39.08,,,,,1/6/2000
2000.0455,17.28,,,,,1/16/2000
2000.0727,4.68,,,,,1/26/2000
2000.0996,1.58,,,,,2/5/2000
2000.1273,3.88,,,,,2/15/2000
2000.1542,-22.02,,,,,2/25/2000
2000.1814,-29.32,,,,,3/6/2000
2000.2084,-39.92,,,,,3/16/2000
2000.2356,-41.42,,,,,3/26/2000
2000.2898,-27.92,,,,,4/14/2000
2000.3172,-30.82,,,,,4/24/2000
2000.3443,-30.42,,,,,5/4/2000
2000.3714,-16.32,,,,,5/14/2000
2000.3985,-12.02,,,,,5/24/2000
2000.4256,-15.72,,,,,6/3/2000
2000.4529,-2.72,,,,,6/13/2000
2000.4799,-3.32,,,,,6/23/2000
2000.5072,3.18,,,,,7/3/2000
2000.5342,12.28,,,,,7/13/2000
2000.5886,36.88,,,,,8/1/2000
2000.6157,38.68,,,,,8/11/2000
2000.6428,44.98,,,,,8/21/2000
2000.6699,47.18,,,,,8/31/2000
2000.6972,66.58,,,,,9/10/2000
2000.7239,71.38,,,,,9/20/2000
2000.7514,70.68,,,,,9/30/2000
2000.7786,52.88,,,,,10/10/2000
2000.8057,74.58,,,,,10/20/2000
2000.8601,59.08,,,,,11/9/2000
2000.8862,53.28,,,,,11/18/2000
2000.915,39.98,,,,,11/29/2000
2000.9415,28.68,,,,,12/8/2000
2000.9686,19.68,,,,,12/18/2000
2000.9956,13.78,,,,,12/28/2000
2001.0228,7.68,,,,,1/8/2001
2001.0776,-4.62,,,,,1/28/2001
2001.1046,-20.62,,,,,2/7/2001
2001.1313,-24.32,,,,,2/16/2001
2001.1587,-39.02,,,,,2/26/2001
2001.1858,-44.12,,,,,3/8/2001
2001.2129,-61.62,,,,,3/18/2001
2001.2402,-65.72,,,,,3/28/2001
2001.2673,-64.52,,,,,4/7/2001
2001.2945,-54.62,,,,,4/17/2001
2001.3215,-51.62,,,,,4/27/2001
2001.3487,-43.02,,,,,5/7/2001
2001.3759,-43.72,,,,,5/17/2001
2001.403,-47.02,,,,,5/27/2001
2001.4302,-39.22,,,,,6/6/2001
2001.4572,-28.02,,,,,6/15/2001
2001.4846,-16.12,,,,,6/26/2001
2001.5117,-4.82,,,,,7/5/2001
2001.5387,2.28,,,,,7/15/2001
2001.566,18.28,,,,,7/25/2001
2001.593,20.08,,,,,8/4/2001
2001.6202,15.48,,,,,8/14/2001
2001.6473,40.78,,,,,8/24/2001
2001.6744,56.08,,,,,9/3/2001
2001.7016,61.38,,,,,9/13/2001
2001.7288,68.58,,,,,9/23/2001
2001.7559,59.18,,,,,10/3/2001
2001.7832,63.88,,,,,10/13/2001
2001.8103,70.18,,,,,10/22/2001
2001.8374,76.88,,,,,11/1/2001
2001.8646,56.78,,,,,11/11/2001
2001.8922,32.78,,,,,11/21/2001
2001.9189,27.98,,,,,12/1/2001
2001.9567,10.68,,,,,12/15/2001
2001.9732,18.78,,,,,12/21/2001
2002.0001,11.98,,,,,12/31/2001
2002.0265,2.48,,,,,1/9/2002
2002.0538,,-8,,,,1/19/2002
2002.0541,-5.52,,,,,1/19/2002
2002.0817,-1.12,,,,,1/29/2002
2002.0823,,1.7,,,,1/30/2002
2002.1089,-7.12,-10.5,,,,2/8/2002
2002.1359,-17.32,-13,,,,2/18/2002
2002.1632,-14.12,,,,,2/28/2002
2002.1633,,-19.6,,,,2/28/2002
2002.1902,-50.02,,,,,3/10/2002
2002.1907,,-50.3,,,,3/10/2002
2002.2175,,-59,,,,3/20/2002
2002.2176,-55.52,,,,,3/20/2002
2002.2446,-64.92,-67.9,,,,3/30/2002
2002.2717,-45.62,-43.2,,,,4/9/2002
2002.2991,,-43,,,,4/19/2002
2002.3,-44.52,,,,,4/19/2002
2002.3261,-31.92,-31.4,,,,4/29/2002
2002.3532,-55.92,-49.6,,,,5/9/2002
2002.3803,-32.02,-34.3,,,,5/18/2002
2002.4074,-27.32,,,,,5/28/2002
2002.4075,,-28,,,,5/28/2002
2002.4345,-25.92,,,,,6/7/2002
2002.4346,,-26,,,,6/7/2002
2002.4618,,-26.1,,,,6/17/2002
2002.462,-24.22,,,,,6/17/2002
2002.489,-38.52,-41.6,,,,6/27/2002
2002.5161,,-11,,,,7/7/2002
2002.5433,23.48,17.8,,,,7/17/2002
2002.5702,30.48,,,,,7/27/2002
2002.5704,,28.4,,,,7/27/2002
2002.5974,28.48,,,,,8/6/2002
2002.5975,,33.2,,,,8/6/2002
2002.6246,,37.5,,,,8/16/2002
2002.6248,31.98,,,,,8/16/2002
2002.652,,52.2,,,,8/26/2002
2002.6547,59.68,,,,,8/27/2002
2002.6789,60.88,62.7,,,,9/4/2002
2002.7061,,72.3,,,,9/14/2002
2002.7066,77.08,,,,,9/15/2002
2002.7331,63.98,,,,,9/24/2002
2002.7333,,67.2,,,,9/24/2002
2002.7603,59.08,,,,,10/4/2002
2002.7605,,55.4,,,,10/4/2002
2002.7863,72.18,,,,,10/14/2002
2002.7874,,77.7,,,,10/14/2002
2002.8148,,52.1,,,,10/24/2002
2002.8149,55.38,,,,,10/24/2002
2002.8417,50.48,47.4,,,,11/3/2002
2002.8686,37.08,,,,,11/13/2002
2002.869,,32.2,,,,11/13/2002
2002.8951,,25.9,,,,11/22/2002
2002.8978,30.08,,,,,11/23/2002
2002.9232,36.18,32.1,,,,12/3/2002
2002.9503,26.38,,,,,12/13/2002
2002.9505,,22.7,,,,12/13/2002
2002.9772,6.28,,,,,12/22/2002
2002.9773,,13.2,,,,12/22/2002
2003.0043,-0.82,,,,,1/1/2003
2003.0048,,1.5,,,,1/1/2003
2003.0317,,-5.8,,,,1/11/2003
2003.0319,-12.42,,,,,1/11/2003
2003.0591,-5.82,,,,,1/21/2003
2003.0594,,-6,,,,1/21/2003
2003.0861,-26.22,,,,,1/31/2003
2003.0863,,-24.8,,,,1/31/2003
2003.1129,-24.82,,,,,2/10/2003
2003.1131,,-20.1,,,,2/10/2003
2003.1404,-25.32,,,,,2/20/2003
2003.1405,,-28.2,,,,2/20/2003
2003.1673,-24.62,,,,,3/2/2003
2003.1677,,-39.2,,,,3/2/2003
2003.1951,-29.92,,,,,3/12/2003
2003.1953,,-35.4,,,,3/12/2003
2003.2218,-28.32,,,,,3/22/2003
2003.2219,,-39.5,,,,3/22/2003
2003.2488,-42.12,,,,,3/31/2003
2003.2491,,-45.1,,,,3/31/2003
2003.2759,-43.12,,,,,4/10/2003
2003.2809,,-52.8,,,,4/12/2003
2003.3032,-49.32,,,,,4/20/2003
2003.3034,,-54.4,,,,4/20/2003
2003.33,-33.32,,,,,4/30/2003
2003.3305,,-31,,,,4/30/2003
2003.3576,,-28.5,,,,5/10/2003
2003.3577,-22.52,,,,,5/10/2003
2003.3845,-35.12,,,,,5/20/2003
2003.3847,,-35.3,,,,5/20/2003
2003.4117,-18.62,,,,,5/30/2003
2003.4121,,-22.4,,,,5/30/2003
2003.4385,-16.52,,,,,6/9/2003
2003.4392,,-25.4,,,,6/9/2003
2003.4662,,-8.8,,,,6/19/2003
2003.4663,-4.62,,,,,6/19/2003
2003.4933,9.98,-8,,,,6/29/2003
2003.5207,,4.4,,,,7/9/2003
2003.5472,16.88,,,,,7/18/2003
2003.5476,,17.7,,,,7/19/2003
2003.5748,,20.1,,,,7/28/2003
2003.5822,31.58,,,,,7/31/2003
2003.6019,50.88,,,,,8/7/2003
2003.6021,,46.2,,,,8/7/2003
2003.6288,54.38,,,,,8/17/2003
2003.6293,,46.4,,,,8/17/2003
2003.6559,47.58,,,,,8/27/2003
2003.6562,,45,,,,8/27/2003
2003.6834,,63.1,,,,9/6/2003
2003.6835,63.08,,,,,9/6/2003
2003.7104,65.98,,,,,9/16/2003
2003.7106,,75.8,,,,9/16/2003
2003.7375,72.08,,,,,9/26/2003
2003.7378,,78.1,,,,9/26/2003
2003.7648,63.38,,,,,10/6/2003
2003.7649,,64.3,,,,10/6/2003
2003.7919,62.68,,,,,10/16/2003
2003.7921,,60.3,,,,10/16/2003
2003.8192,71.48,63.6,,,,10/26/2003
2003.846,84.78,,,,,11/5/2003
2003.8464,,70,,,,11/5/2003
2003.8712,,61.4,,,,11/14/2003
2003.8734,59.88,,,,,11/15/2003
2003.9113,,32.9,,,,11/28/2003
2003.9119,20.08,,,,,11/29/2003
2003.9209,29.68,,,,,12/2/2003
2003.9277,,35.3,,,,12/4/2003
2003.9547,35.28,,,,,12/14/2003
2003.9549,,35.1,,,,12/14/2003
2003.9817,19.58,,,,,12/24/2003
2003.982,,16.5,,,,12/24/2003
2004.0091,-5.52,,,,,1/3/2004
2004.0092,,4,,,,1/3/2004
2004.036,10.58,,,,,1/13/2004
2004.0363,,17.7,,,,1/13/2004
2004.063,-3.62,,,,,1/23/2004
2004.0634,,0.5,,,,1/23/2004
2004.0908,-18.32,-16.1,,,,2/2/2004
2004.1136,,-28,,,,2/10/2004
2004.1178,-26.42,,,,,2/12/2004
2004.1447,-31.12,,,,,2/21/2004
2004.1491,,-24.9,,,,2/23/2004
2004.1718,-47.52,,,,,3/2/2004
2004.1722,,-41.3,,,,3/2/2004
2004.1992,-36.52,,,,,3/12/2004
2004.1993,,-31.6,,,,3/12/2004
2004.2262,-22.02,,,,,3/22/2004
2004.2263,,-20.6,,,,3/22/2004
2004.2523,,-45.9,,,,4/1/2004
2004.2534,-45.52,,,,,4/1/2004
2004.2803,-61.02,,,,,4/11/2004
2004.2808,,-52.1,,,,4/11/2004
2004.3078,-51.82,,,,,4/21/2004
2004.308,,-50,,,,4/21/2004
2004.3349,-29.82,,,,,5/1/2004
2004.335,,-31.6,,,,5/1/2004
2004.3619,-28.82,,,,,5/11/2004
2004.3622,,-29.4,,,,5/11/2004
2004.3888,-29.12,,,,,5/21/2004
2004.3892,,-32.1,,,,5/21/2004
2004.4164,,-27.9,,,,5/31/2004
2004.4436,,-15.8,,,,6/10/2004
2004.4706,-0.32,,,,,6/19/2004
2004.4707,,-13,,,,6/19/2004
2004.4976,-5.52,,,,,6/29/2004
2004.498,,0.7,,,,6/29/2004
2004.5224,-13.42,,,,,7/8/2004
2004.525,,-4.3,,,,7/9/2004
2004.5523,,6.1,,,,7/19/2004
2004.5529,15.28,,,,,7/19/2004
2004.5773,19.58,,,,,7/28/2004
2004.5795,,22.1,,,,7/29/2004
2004.6062,31.18,,,,,8/8/2004
2004.6066,,38.8,,,,8/8/2004
2004.6338,41.48,36.8,,,,8/18/2004
2004.6607,,43,,,,8/28/2004
2004.6608,43.08,,,,,8/28/2004
2004.6876,61.38,,,,,9/7/2004
2004.688,,64.2,,,,9/7/2004
2004.7148,73.58,,,,,9/17/2004
2004.715,,76.3,,,,9/17/2004
2004.7422,,69.4,,,,9/27/2004
2004.7425,67.58,,,,,9/27/2004
2004.7691,81.48,,,,,10/6/2004
2004.7694,,82.2,,,,10/7/2004
2004.7962,62.28,,,,,10/16/2004
2004.7965,,69,,,,10/16/2004
2004.8237,50.88,50.4,,,,10/26/2004
2004.8503,60.78,,,,,11/5/2004
2004.8509,,60.6,,,,11/5/2004
2004.8778,49.08,54.3,,,,11/15/2004
2004.905,34.38,,,,,11/25/2004
2004.9052,,39.4,,,,11/25/2004
2004.9321,31.58,,,,,12/5/2004
2004.9322,,34.8,,,,12/5/2004
2004.9542,29.78,,,,,12/13/2004
2004.9595,,30.4,,,,12/15/2004
2004.9861,22.98,,,,,12/25/2004
2004.9866,,29.7,,,,12/25/2004
2005.0136,17.68,,,,,1/4/2005
2005.0137,,24.3,,,,1/5/2005
2005.0404,28.88,,,,,1/14/2005
2005.0405,,41.9,,,,1/14/2005
2005.0679,7.08,11.4,,,,1/24/2005
2005.0948,,-19.7,,,,2/3/2005
2005.095,-13.62,,,,,2/3/2005
2005.1222,-18.72,,,,,2/13/2005
2005.1224,,-22.5,,,,2/13/2005
2005.1489,-37.12,,,,,2/23/2005
2005.1496,,-35.1,,,,2/23/2005
2005.1761,-42.32,,,,,3/5/2005
2005.1763,,-38.1,,,,3/5/2005
2005.2039,,-40.4,,,,3/15/2005
2005.204,-43.62,,,,,3/15/2005
2005.2305,,-26.4,,,,3/25/2005
2005.2308,-29.32,,,,,3/25/2005
2005.2579,-44.92,,,,,4/4/2005
2005.2581,,-37.9,,,,4/4/2005
2005.2849,-41.52,-39.5,,,,4/14/2005
2005.3102,-38.72,,,,,4/23/2005
2005.3124,,-29.9,,,,4/24/2005
2005.3393,,-23.1,,,,5/3/2005
2005.3397,-35.32,,,,,5/4/2005
2005.3665,,-42.7,,,,5/13/2005
2005.3666,-51.72,,,,,5/13/2005
2005.3937,-44.12,,,,,5/23/2005
2005.3938,,-36.1,,,,5/23/2005
2005.4206,-26.12,,,,,6/2/2005
2005.4211,,-24.7,,,,6/2/2005
2005.4477,-7.92,,,,,6/12/2005
2005.4481,,-6.2,,,,6/12/2005
2005.4748,-4.42,,,,,6/22/2005
2005.4752,,-0.9,,,,6/22/2005
2005.5023,4.38,,,,,7/2/2005
2005.5024,,6.2,,,,7/2/2005
2005.5296,,24.7,,,,7/12/2005
2005.5299,20.18,,,,,7/12/2005
2005.5564,22.08,,,,,7/22/2005
2005.5568,,27.6,,,,7/22/2005
2005.5834,21.88,,,,,8/1/2005
2005.584,,19.5,,,,8/1/2005
2005.6107,44.38,,,,,8/11/2005
2005.6109,,40.7,,,,8/11/2005
2005.6381,58.48,,,,,8/21/2005
2005.6384,,57,,,,8/21/2005
2005.6651,43.38,,,,,8/30/2005
2005.6654,,52,,,,8/31/2005
2005.6923,57.48,,,,,9/9/2005
2005.6924,,62.5,,,,9/9/2005
2005.714,,67.6,,,,9/17/2005
2005.7194,66.68,,,,,9/19/2005
2005.7468,83.38,,,,,9/29/2005
2005.7514,90.1,,,,,10/1/2005
2005.7736,74.5,,,,,10/9/2005
2005.801,52.1,,,,,10/19/2005
2005.8281,61.7,,,,,10/29/2005
2005.8554,71,,,,,11/8/2005
2005.8824,40,,,,,11/18/2005
2005.9097,41.2,,,,,11/28/2005
2005.9367,45,,,,,12/8/2005
2005.9639,23.5,,,,,12/18/2005
2005.991,17.5,,,,,12/27/2005
2006.0181,7.4,,,,,1/6/2006
2006.0454,3.3,,,,,1/16/2006
2006.0726,1.3,,,,,1/26/2006
2006.0996,-5.3,,,,,2/5/2006
2006.1269,-13.9,,,,,2/15/2006
2006.1537,-33.7,,,,,2/25/2006
2006.181,-45.3,,,,,3/7/2006
2006.2083,-46.8,,,,,3/17/2006
2006.2354,-46.9,,,,,3/26/2006
2006.2625,-38.5,,,,,4/5/2006
2006.2897,-51.8,,,,,4/15/2006
2006.3167,-48.5,,,,,4/25/2006
2006.344,-31.8,,,,,5/5/2006
2006.3712,-17.9,,,,,5/15/2006
2006.3982,-7.7,,,,,5/25/2006
2006.4254,-19.9,,,,,6/4/2006
2006.4526,-12.2,,,,,6/14/2006
2006.4796,9.6,,,,,6/24/2006
2006.5068,11,,,,,7/4/2006
2006.5339,16,,,,,7/14/2006
2006.5612,30.4,,,,,7/23/2006
2006.5883,41.3,,,,,8/2/2006
2006.6156,30.4,,,,,8/12/2006
2006.6426,47.6,,,,,8/22/2006
2006.6699,66.2,,,,,9/1/2006
2006.6969,76.8,,,,,9/11/2006
2006.7242,72.1,,,,,9/21/2006
2006.7513,82.9,,,,,10/1/2006
2006.7781,81.4,,,,,10/11/2006
2006.8055,74.5,,,,,10/21/2006
2006.8244,74.5,,,,,10/28/2006
2006.8894,40.1,,,,,11/20/2006
2006.9144,42.4,,,,,11/29/2006
2006.9407,33.8,,,,,12/9/2006
2006.9684,28.9,,,,,12/19/2006
2006.9954,24.5,,,,,12/29/2006
2007.0223,13.5,,,,,1/8/2007
2007.0497,7.1,,,,,1/18/2007
2007.0769,-9,,,,,1/28/2007
2007.1038,-28.9,,,,,2/6/2007
2007.1305,-43.3,,,,,2/16/2007
2007.1587,-36.4,,,,,2/26/2007
2007.1853,-31.4,,,,,3/8/2007
2007.2128,-34.4,,,,,3/18/2007
2007.2399,-34.5,,,,,3/28/2007
2007.2668,-35.3,,,,,4/7/2007
2007.2941,-49.8,,,,,4/17/2007
2007.3213,-48.6,,,,,4/27/2007
2007.3484,-45.3,,,,,5/7/2007
2007.3756,-26.8,,,,,5/17/2007
2007.4029,-14.1,,,,,5/27/2007
2007.4298,-9.6,,,,,6/5/2007
2007.4571,-19,,,,,6/15/2007
2007.4842,-1.4,,,,,6/25/2007
2007.5114,8.4,,,,,7/5/2007
2007.5384,19.7,,,,,7/15/2007
2007.5655,20.5,,,,,7/25/2007
2007.5929,31.5,,,,,8/4/2007
2007.6201,35,,,,,8/14/2007
2007.6473,42.5,,,,,8/24/2007
2007.6743,58.2,,,,,9/3/2007
2007.7014,55.8,,,,,9/13/2007
2007.7285,71.2,,,,,9/23/2007
2007.7558,89.4,,,,,10/3/2007
2007.7829,80.2,,,,,10/12/2007
2007.81,67.8,,,,,10/22/2007
2007.8371,60.3,,,,,11/1/2007
2007.8643,32.8,,,,,11/11/2007
2007.8914,47.1,,,,,11/21/2007
2007.9185,46.4,,,,,12/1/2007
2007.9456,38.9,,,,,12/11/2007
2007.9729,19,,,,,12/21/2007
2007.9998,8.7,,,,,12/31/2007
2008.0271,7.3,,,,,1/9/2008
2008.0541,8.6,,,,,1/19/2008
2008.0815,1.3,,,,,1/29/2008
2008.1085,-15.2,,,,,2/8/2008
2008.1356,-17.5,,,,,2/18/2008
2008.1629,-28.1,,,,,2/28/2008
2008.1899,-31.6,,,,,3/9/2008
2008.2172,-40.5,,,,,3/19/2008
2008.2444,-37,,,,,3/29/2008
2008.2716,-38.9,,,,,4/8/2008
2008.2987,-25.7,,,,,4/18/2008
2008.3259,-22.6,,,,,4/28/2008
2008.3466,-25.4,,,,,5/5/2008
2008.3801,-21.9,,,,,5/17/2008
2008.4071,-18.5,,,,,5/27/2008
2008.4344,-15.1,,,,,6/6/2008
2008.4615,3.7,,,,,6/16/2008
2008.4887,18.9,,,,,6/26/2008
2008.5158,22.5,,,,,7/6/2008
2008.5185,,,20.76,,,7/7/2008
2008.5429,28.8,,,,,7/16/2008
2008.5431,,,33.76,,,7/16/2008
2008.5701,,,36.06,,,7/26/2008
2008.5702,27.1,,,,,7/26/2008
2008.5923,27.4,,,,,8/3/2008
2008.5972,,,32.86,,,8/5/2008
2008.6243,,,49.36,,,8/15/2008
2008.6369,69.8,,,,,8/19/2008
2008.6512,,,49.56,,,8/24/2008
2008.6515,41,,,,,8/24/2008
2008.6787,57.2,,62.46,,,9/3/2008
2008.7058,69.1,,73.56,,,9/13/2008
2008.733,79.4,,75.56,,,9/23/2008
2008.7601,71,,67.76,,,10/3/2008
2008.7872,,,73.96,,,10/13/2008
2008.7873,75.6,,,,,10/13/2008
2008.8145,78.1,,75.96,,,10/23/2008
2008.8415,63.5,,,,,11/2/2008
2008.8416,,,62.86,,,11/2/2008
2008.8687,72.7,,68.76,,,11/12/2008
2008.8958,70.4,,,,,11/22/2008
2008.8959,,,65.36,,,11/22/2008
2008.9229,,,33.76,,,12/2/2008
2008.923,40.9,,,,,12/2/2008
2008.9499,,,35.06,,,12/11/2008
2008.95,39.8,,,,,12/11/2008
2008.9775,32.6,,26.26,,,12/22/2008
2009.0045,15.2,,3.76,,,1/1/2009
2009.0312,2.3,,,,,1/11/2009
2009.0317,,,-2.84,,,1/11/2009
2009.0592,10.7,,,,,1/21/2009
2009.0593,,,7.16,,,1/21/2009
2009.0856,,,-8.24,,,1/31/2009
2009.1132,,,-14.54,,,2/10/2009
2009.1269,-10.5,,,,,2/15/2009
2009.1402,,,-21.04,,,2/20/2009
2009.1537,-18,,,,,2/25/2009
2009.1671,,,-20.84,,,3/2/2009
2009.1808,-23.7,,,,,3/7/2009
2009.1944,,,-23.74,,,3/12/2009
2009.2077,-28.1,,,,,3/16/2009
2009.2217,,,-25.34,,,3/21/2009
2009.2352,-33.5,,,,,3/26/2009
2009.2487,,,-37.44,,,3/31/2009
2009.2624,-41.2,,,,,4/5/2009
2009.2759,,,-34.14,,,4/10/2009
2009.2894,-29.1,,,,,4/15/2009
2009.3032,,,-23.74,,,4/20/2009
2009.3165,-18.9,,,,,4/25/2009
2009.3303,,,-19.94,,,4/30/2009
2009.3436,-18.3,,,,,5/5/2009
2009.3572,,,-7.84,,,5/10/2009
2009.3709,-3.9,,,,,5/15/2009
2009.3846,,,-10.54,,,5/20/2009
2009.398,-6.6,,,,,5/25/2009
2009.4114,,,-12.24,,,5/30/2009
2009.4251,-1.8,,,,,6/4/2009
2009.4388,,,10.26,,,6/9/2009
2009.4522,6.8,,,,,6/14/2009
2009.4659,,,6.86,,,6/19/2009
2009.4794,8,,,,,6/24/2009
2009.4933,,,22.56,,,6/29/2009
2009.5067,29.3,,,,,7/4/2009
2009.5204,,,31.16,,,7/9/2009
2009.5339,23.3,,,,,7/14/2009
2009.5474,,,33.06,,,7/18/2009
2009.5608,25.9,,,,,7/23/2009
2009.5746,,,25.36,,,7/28/2009
2009.5881,30.8,,,,,8/2/2009
2009.6017,,,49.76,,,8/7/2009
2009.6151,50.8,,,,,8/12/2009
2009.6291,,,71.36,,,8/17/2009
2009.6423,65.3,,,,,8/22/2009
2009.6562,,,70.06,,,8/27/2009
2009.6695,68.6,,,,,9/1/2009
2009.6831,,,68.56,,,9/6/2009
2009.6951,75.5,,,,,9/10/2009
2009.7102,,,75.36,,,9/16/2009
2009.7359,84.2,,,,,9/25/2009
2009.7375,,,73.66,,,9/26/2009
2009.7509,67.7,,,,,10/1/2009
2009.7646,,,77.06,,,10/6/2009
2009.7781,74.7,,,,,10/11/2009
2009.7916,,,75.86,,,10/16/2009
2009.8052,75.3,,,,,10/21/2009
2009.8187,,,80.16,,,10/26/2009
2009.8324,78.6,,,,,10/31/2009
2009.8461,,,66.96,,,11/5/2009
2009.8595,54.5,,,,,11/9/2009
2009.8732,,,43.16,,,11/14/2009
2009.8865,51.6,,,,,11/19/2009
2009.9004,,,49.86,,,11/24/2009
2009.9137,42,,,,,11/29/2009
2009.9272,,,41.46,,,12/4/2009
2009.9409,46.1,,,,,12/9/2009
2009.9545,,,31.96,,,12/14/2009
2009.968,28.1,,,,,12/19/2009
2009.9818,,,18.16,,,12/24/2009
2009.9952,16.7,,,,,12/29/2009
2010.0091,,,-1.24,,,1/3/2010
2010.0223,-5.6,,,,,1/8/2010
2010.0361,,,-25.14,,,1/13/2010
2010.0494,-11,,,,,1/18/2010
2010.0632,,,-18.94,,,1/23/2010
2010.0766,-21.9,,,,,1/27/2010
2010.0899,,,-36.04,,,2/1/2010
2010.1039,-42.5,,,,,2/6/2010
2010.1174,,,-53.14,,,2/11/2010
2010.1311,-41.1,,,,,2/16/2010
2010.1445,,,-50.04,,,2/21/2010
2010.1581,-47.7,,,,,2/26/2010
2010.1719,,,-55.54,,,3/3/2010
2010.1852,-55.8,,,,,3/8/2010
2010.1989,,,-58.64,,,3/13/2010
2010.2125,-54.1,,,,,3/18/2010
2010.2261,,,-53.44,,,3/23/2010
2010.2395,-43.1,,,,,3/28/2010
2010.2532,,,-65.94,,,4/2/2010
2010.2667,-59.1,,,,,4/7/2010
2010.2805,,,-56.34,,,4/12/2010
2010.2938,-52.8,,,,,4/17/2010
2010.3075,,,-61.54,,,4/22/2010
2010.3211,-46.5,,,,,4/27/2010
2010.3347,,,-46.94,,,5/2/2010
2010.3482,-39.1,,,,,5/7/2010
2010.3617,,,-52.54,,,5/12/2010
2010.3753,-45.7,,,,,5/17/2010
2010.389,,,-43.44,,,5/22/2010
2010.4026,-35.3,,,,,5/27/2010
2010.4162,,,-24.44,,,6/1/2010
2010.4287,-19.4,,,,,6/5/2010
2010.4434,,,-6.34,,,6/10/2010
2010.4568,-7.4,,,,,6/15/2010
2010.4705,,,-0.74,,,6/20/2010
2010.4839,-13.6,,,,,6/25/2010
2010.4977,,,1.26,,,6/30/2010
2010.511,-0.6,,,,,7/5/2010
2010.5249,,,14.86,,,7/10/2010
2010.5384,17.3,,,,,7/15/2010
2010.5519,,,18.26,,,7/20/2010
2010.5646,11.9,,,,,7/25/2010
2010.5791,,,17.76,,,7/30/2010
2010.5925,18.9,,,,,8/4/2010
2010.6061,,,39.66,,,8/9/2010
2010.6198,37.4,,,,,8/14/2010
2010.6333,,,45.16,,,8/19/2010
2010.6467,46.6,,,,,8/24/2010
2010.6605,,,64.36,,,8/29/2010
2010.6738,64.2,,,,,9/3/2010
2010.6878,,,74.56,,,9/8/2010
2010.7011,76,,,,,9/13/2010
2010.7147,,,80.96,,,9/18/2010
2010.7284,80.1,,,,,9/23/2010
2010.742,,,72.56,,,9/28/2010
2010.7554,61.7,,,,,10/2/2010
2010.7692,,,65.06,,,10/7/2010
2010.7827,74.3,,,,,10/12/2010
2010.7962,,,73.76,,,10/17/2010
2010.8098,64.3,,,,,10/22/2010
2010.8233,,,47.06,,,10/27/2010
2010.8369,37.6,,,,,11/1/2010
2010.8503,,,34.66,,,11/6/2010
2010.8641,53.9,,,,,11/11/2010
2010.8777,,,45.06,,,11/16/2010
2010.8913,39.8,,,,,11/21/2010
2010.9049,,,31.36,,,11/26/2010
2010.9183,16.9,,,,,12/1/2010
2010.932,,,13.36,,,12/6/2010
2010.9454,-1.9,,,,,12/11/2010
2010.9591,,,0.16,,,12/16/2010
2010.9723,-2.9,,,,,12/21/2010
2010.9864,,,-12.14,,,12/26/2010
2010.9999,-9.6,,,,,12/31/2010
2011.0134,,,-9.24,,,1/4/2011
2011.0267,-1.5,,,,,1/9/2011
2011.0408,,,3.26,,,1/14/2011
2011.054,-7,,,,,1/19/2011
2011.0677,,,-32.34,,,1/24/2011
2011.0809,-32.6,,,,,1/29/2011
2011.0946,,,-30.04,,,2/3/2011
2011.1077,-35.4,,,,,2/8/2011
2011.1223,,,-30.94,,,2/13/2011
2011.1356,-29,,,,,2/18/2011
2011.1492,,,-30.84,,,2/23/2011
2011.1625,-29.1,,,,,2/28/2011
2011.1762,,,-37.44,,,3/5/2011
2011.1897,-38.3,,,,,3/10/2011
2011.2035,,,-59.54,,,3/15/2011
2011.2169,-62.6,,,,,3/20/2011
2011.2306,,,-64.54,,,3/25/2011
2011.244,-64.9,,,,,3/30/2011
2011.2577,,,-62.54,,,4/4/2011
2011.271,-50.7,,,,,4/8/2011
2011.2849,,,-50.14,,,4/14/2011
2011.2983,-51.6,,,,,4/18/2011
2011.312,,,-52.94,,,4/23/2011
2011.3254,-43.3,,,,,4/28/2011
2011.3392,,,-51.24,,,5/3/2011
2011.3526,-47.4,,,,,5/8/2011
2011.3663,,,-44.94,,,5/13/2011
2011.3799,-41.8,,,,,5/18/2011
2011.3935,,,-37.04,,,5/23/2011
2011.407,-38.7,,,,,5/28/2011
2011.4206,,,-28.14,,,6/2/2011
2011.4339,-21.1,,,,,6/7/2011
2011.4478,,,-14.34,,,6/12/2011
2011.4612,-11.8,,,,,6/17/2011
2011.475,,,1.46,,,6/22/2011
2011.4884,0.4,,,,,6/27/2011
2011.5021,,,1.06,,,7/2/2011
2011.5155,-6.9,,,,,7/7/2011
2011.5294,,,6.06,,,7/12/2011
2011.5427,12,,,,,7/17/2011
2011.5563,,,22.46,,,7/22/2011
2011.5698,14.5,,,,,7/27/2011
2011.5835,,,21.06,,,8/1/2011
2011.5971,17.4,,,,,8/6/2011
2011.6107,,,28.06,,,8/11/2011
2011.6241,32.3,,,,,8/15/2011
2011.638,,,45.26,,,8/21/2011
2011.6512,48.2,,,,,8/25/2011
2011.6651,,,49.06,,,8/30/2011
2011.6782,49,,,,,9/4/2011
2011.6922,,,53.56,,,9/9/2011
2011.7056,61.4,,,,,9/14/2011
2011.7193,,,60.56,,,9/19/2011
2011.7323,45.8,,,,,9/24/2011
2011.7464,,,52.66,,,9/29/2011
2011.7596,67.9,,,,,10/4/2011
2011.7735,,,64.96,,,10/9/2011
2011.7871,72.4,,,,,10/14/2011
2011.8007,,,82.96,,,10/19/2011
2011.8141,74.3,,,,,10/24/2011
2011.8274,,,65.26,,,10/29/2011
2011.8415,58.7,,,,,11/3/2011
2011.855,,,48.66,,,11/8/2011
2011.8685,46.6,,,,,11/13/2011
2011.8822,,,42.56,,,11/18/2011
2011.8957,39.7,,,,,11/23/2011
2011.9094,,,42.96,,,11/28/2011
2011.9224,47.6,,,,,12/2/2011
2011.936,,,48.76,,,12/7/2011
2011.95,48.6,,,,,12/12/2011
2011.9638,,,37.46,,,12/18/2011
2011.977,32.7,,,,,12/22/2011
2011.9905,,,22.96,,,12/27/2011
2012.0042,23.9,,,,,1/1/2012
2012.018,,,16.76,,,1/6/2012
2012.0312,10.3,,,,,1/11/2012
2012.045,,,8.86,,,1/16/2012
2012.0584,8.8,,,,,1/21/2012
2012.0721,,,-5.24,,,1/26/2012
2012.085,-2.8,,,,,1/31/2012
2012.0994,,,-3.14,,,2/5/2012
2012.1123,-1.1,,,,,2/10/2012
2012.1265,,,-12.74,,,2/15/2012
2012.1273,8.7,,,,,2/15/2012
2012.1536,,,-27.34,,,2/25/2012
2012.1672,-44,,,,,3/1/2012
2012.1808,,,-23.64,,,3/6/2012
2012.2079,,,-18.54,,,3/15/2012
2012.2352,,,-22.04,,,3/25/2012
2012.2623,,,-20.44,,,4/4/2012
2012.2893,,,-20.74,,,4/14/2012
2012.3166,,,-23.04,,,4/24/2012
2012.3435,,,-18.14,,,5/4/2012
2012.3642,-4.6,,,,,5/12/2012
2012.3709,,,0.36,,,5/14/2012
2012.3939,-5.8,,,,,5/22/2012
2012.398,,,-0.94,,,5/24/2012
2012.4234,-9.4,,,,,6/2/2012
2012.425,,,0.56,,,6/3/2012
2012.4522,,,4.86,,,6/13/2012
2012.4536,-5,,,,,6/13/2012
2012.4739,21.1,,,,,6/21/2012
2012.4794,,,23.36,,,6/23/2012
2012.4941,22.3,,,,,6/28/2012
2012.5067,,,27.06,,,7/3/2012
2012.5241,24.1,,,,,7/9/2012
2012.5339,,,34.76,,,7/13/2012
2012.554,37.5,,,,,7/20/2012
2012.561,,,42.46,,,7/22/2012
2012.5836,53.2,,,,,7/31/2012
2012.5879,,,59.46,,,8/1/2012
2012.6042,54,,,,,8/7/2012
2012.6153,,,66.36,,,8/11/2012
2012.6246,72.2,,,,,8/15/2012
2012.6423,,,89.96,,,8/21/2012
2012.6548,86.9,,,,,8/26/2012
2012.6695,,,92.86,,,8/31/2012
2012.6842,87.3,,,,,9/5/2012
2012.6966,,,88.36,,,9/10/2012
2012.7142,94.2,,,,,9/16/2012
2012.7238,,,86.16,,,9/20/2012
2012.7342,77.8,,,,,9/24/2012
2012.751,,,93.86,,,9/30/2012
2012.7549,97.1,,,,,10/1/2012
2012.778,,,96.36,,,10/10/2012
2012.7845,89.5,,,,,10/12/2012
2012.8051,,,99.66,,,10/20/2012
2012.8147,87.9,,,,,10/23/2012
2012.8324,,,90.06,,,10/30/2012
2012.835,89.5,,,,,10/30/2012
2012.8553,79.1,,,,,11/7/2012
2012.8594,,,75.36,,,11/8/2012
2012.8853,58.8,,,,,11/18/2012
2012.8866,,,56.86,,,11/18/2012
2012.9137,,,55.56,,,11/28/2012
2012.9148,56.1,,,,,11/29/2012
2012.9407,,,41.86,,,12/8/2012
2012.9444,37.6,,,,,12/9/2012
2012.9652,31.1,,,,,12/17/2012
2012.9683,,,32.66,,,12/18/2012
2012.9858,25.9,,,,,12/25/2012
2012.9951,,,21.86,,,12/28/2012
2013.0154,21.2,,,,,1/5/2013
2013.0222,,,18.46,,,1/8/2013
2013.0448,16.6,,,,,1/16/2013
2013.0494,,,10.86,,,1/18/2013
2013.0751,18,,,,,1/27/2013
2013.0769,,,11.66,,,1/28/2013
2013.0955,14.9,,,,,2/3/2013
2013.104,,,13.36,,,2/6/2013
2013.1157,-6.6,,,,,2/11/2013
2013.1309,,,-18.64,,,2/16/2013
2013.1456,-26.1,,,,,2/22/2013
2013.1582,,,-24.64,,,2/26/2013
2013.162,-43.2,,,,,2/28/2013
2013.1852,,,-26.54,,,3/8/2013
2013.2122,,,-33.14,,,3/18/2013
2013.2161,-25.8,,,,,3/19/2013
2013.2259,-36.5,,,,,3/23/2013
2013.2357,,,-5.64,,,3/27/2013
2013.2464,-28.9,,,,,3/30/2013
2013.2709,,,-43.34,,,4/8/2013
2013.2757,-53.1,,,,,4/10/2013
2013.2941,,,-30.94,,,4/17/2013
2013.3057,-27.7,,,,,4/21/2013
2013.321,,,-22.84,,,4/27/2013
2013.3263,-29.7,,,,,4/29/2013
2013.3467,-14.2,,,,,5/6/2013
2013.3481,,,-8.34,,,5/7/2013
2013.3754,,,-11.64,,,5/17/2013
2013.3765,-11.4,,,,,5/17/2013
2013.4025,,,-23.84,,,5/27/2013
2013.4063,-27.7,,,,,5/28/2013
2013.4295,,,-18.04,,,6/5/2013
2013.4361,-21.2,,,,,6/8/2013
2013.4567,-3.7,,1.96,,,6/15/2013
2013.466,-4.3,,,,,6/19/2013
2013.4839,9.26,,,,,6/25/2013
2013.5111,36.56,,,,,7/5/2013
2013.5383,48.56,,,,,7/15/2013
2013.5655,40.46,,,,,7/25/2013
2013.5926,54.46,,,,,8/4/2013
2013.6196,69.56,,,,,8/14/2013
2013.6468,75.26,,,,,8/24/2013
2013.6697,78.56,,,,,9/1/2013
2013.7076,76.36,,,,,9/15/2013
2013.7283,75.66,,,,,9/23/2013
2013.7553,77.56,,,,,10/2/2013
2013.7826,85.66,,,,,10/12/2013
2013.8096,75.56,,,,,10/22/2013
2013.8369,95.56,,,,,11/1/2013
2013.8639,72.36,,,,,11/11/2013
2013.8912,66.66,,,,,11/21/2013
2013.9181,57.36,,,,,12/1/2013
2013.9452,57.66,,,,,12/11/2013
2013.9724,46.96,,,,,12/21/2013
2013.9993,28.46,,,,,12/30/2013
2014.0273,24.96,,,,,1/9/2014
2014.0539,13.86,,,,,1/19/2014
2014.0813,0.86,,,,,1/29/2014
2014.1083,-16.04,,,,,2/8/2014
2014.1358,-19.34,,,,,2/18/2014
2014.1625,-15.54,,,,,2/28/2014
2014.1899,-31.54,,,,,3/10/2014
2014.2171,-34.94,,,,,3/20/2014
2014.2444,-40.74,,,,,3/30/2014
2014.2711,-35.74,,,,,4/9/2014
2014.2984,-24.14,,,,,4/18/2014
2014.3255,-27.14,,,,,4/28/2014
2014.3527,-2.84,,,,,5/8/2014
2014.3798,-13.34,,,,,5/18/2014
2014.4069,-10.64,,,,,5/28/2014
2014.4341,-12.14,,,,,6/7/2014
2014.4612,13.86,,,,,6/17/2014
2014.4884,28.16,,,,,6/27/2014
2014.5154,36.46,,,,,7/7/2014
2014.5427,35.16,,,,,7/17/2014
2014.5699,48.16,,,,,7/27/2014
2014.597,62.06,,,,,8/6/2014
2014.6242,60.86,,,,,8/15/2014
2014.6514,69.16,,,,,8/25/2014
2014.6782,80.96,,,,,9/4/2014
2014.7055,83.76,,,,,9/14/2014
2014.7329,84.96,,,,,9/24/2014
2014.7599,84.46,,,,,10/4/2014
2014.7871,74.46,,,,,10/14/2014
2014.8141,78.66,,,,,10/24/2014
2014.8413,71.26,,,,,11/3/2014
2014.8685,79.16,,,,,11/13/2014
2014.8956,66.46,,,,,11/23/2014
2014.9225,74.06,,,,,12/2/2014
2014.9501,56.16,,,,,12/13/2014
2014.9782,31.76,,,,,12/23/2014
2015.0041,22.66,,,,,1/1/2015
2015.0313,21.96,,,,,1/11/2015
2015.0586,18.06,,,,,1/21/2015
2015.0855,17.16,,,,,1/31/2015
2015.1126,-1.54,,,,,2/10/2015
2015.1402,8.46,,,,,2/20/2015
2015.167,-3.54,,,,,3/1/2015
2015.1942,-1.94,,,,,3/11/2015
2015.2213,-9.44,,,,,3/21/2015
2015.2487,-15.74,,,,,3/31/2015
2015.2756,-16.44,,,,,4/10/2015
2015.303,-14.04,,,,,4/20/2015
2015.33,-11.04,,,,,4/30/2015
2015.3571,-5.94,,,,,5/10/2015
2015.3842,-6.34,,,,,5/20/2015
2015.4114,7.56,,,,,5/30/2015
2015.4386,2.66,,,,,6/9/2015
2015.4656,14.86,,,,,6/19/2015
2015.493,33.96,,,,,6/29/2015
2015.52,41.06,,,,,7/8/2015
2015.5471,54.96,,,,,7/18/2015
2015.5743,57.36,,,,,7/28/2015
2015.6014,75.16,,,,,8/7/2015
2015.6286,83.86,,,,,8/17/2015
2015.6557,89.36,,,,,8/27/2015
2015.6829,94.16,,,,,9/6/2015
2015.7101,92.66,,,,,9/16/2015
2015.7372,92.76,,,,,9/26/2015
2015.7643,108.76,,,,,10/6/2015
2015.7915,101.16,,,,,10/16/2015
2015.8185,96.76,,,,,10/25/2015
2015.8458,78.76,,,,,11/4/2015
2015.873,77.66,,,,,11/14/2015
2015.9001,71.86,,,,,11/24/2015
2015.9273,71.66,,,,,12/4/2015
2015.954,54.66,,,,,12/14/2015
2015.9815,52.26,,,,,12/24/2015
2016.0085,37.16,,,,,1/3/2016
2016.0359,27.56,,,,,1/13/2016
2016.0629,26.56,,,,,1/22/2016
2016.0902,33.56,,,,,2/1/2016
2016.1174,11.16,,,,,2/11/2016
2016.1231,,,,8.66,,2/13/2016
2016.1444,10.06,,,9.06,,2/21/2016
2016.1714,5.16,,,6.26,,3/2/2016
2016.1965,,,,-13.94,,3/11/2016
2016.1986,-18.34,,,,,3/12/2016
2016.2257,-20.74,,,,,3/22/2016
2016.2258,,,,-16.64,,3/22/2016
2016.252,-13.04,,,,,4/1/2016
2016.2529,,,,-9.04,,4/1/2016
2016.2803,-11.54,,,-5.44,,4/11/2016
2016.3073,9.56,,,13.86,,4/21/2016
2016.3344,,,,17.56,,5/1/2016
2016.3345,14.46,,,,,5/1/2016
2016.3617,,,,18.06,,5/11/2016
2016.3618,14.76,,,,,5/11/2016
2016.3888,4.86,,,6.86,,5/21/2016
2016.4159,-5.34,,,-2.94,,5/30/2016
2016.4432,15.66,,,,,6/9/2016
2016.4433,,,,15.56,,6/9/2016
2016.4703,28.86,,,30.16,,6/19/2016
2016.4974,40.36,,,,,6/29/2016
2016.4975,,,,39.76,,6/29/2016
2016.5246,46.06,,,44.06,,7/9/2016
2016.5517,70.36,,,65.56,,7/19/2016
2016.5787,71.16,,,,,7/29/2016
2016.5788,,,,67.56,,7/29/2016
2016.6061,80.06,,,77.56,,8/8/2016
2016.6331,81.86,,,,,8/18/2016
2016.6332,,,,80.56,,8/18/2016
2016.6602,93.86,,,91.86,,8/28/2016
2016.6874,,,,97.46,,9/7/2016
2016.6875,93.36,,,,,9/7/2016
2016.7145,,,,107.36,,9/16/2016
2016.7146,104.76,,,,,9/17/2016
2016.7416,,,,111.66,,9/26/2016
2016.7417,106.56,,,,,9/26/2016
2016.7688,,,,107.36,,10/6/2016
2016.7906,95.86,,,,,10/14/2016
2016.796,,,,97.26,,10/16/2016
2016.8093,100.86,,,,,10/21/2016
2016.8232,,,,111.76,,10/26/2016
2016.8365,107.96,,,,,10/31/2016
2016.8504,,,,101.26,,11/5/2016
2016.8638,85.76,,,,,11/10/2016
2016.8774,,,,87.16,,11/15/2016
2016.8909,79.76,,,,,11/20/2016
2016.9045,,,,77.86,,11/25/2016
2016.918,68.86,,,,,11/30/2016
2016.9303,,,,74.96,,12/4/2016
2016.945,75.86,,,,,12/10/2016
2016.9586,,,,83.16,,12/15/2016
2016.9722,73.06,,,,,12/20/2016
2016.9862,,,,61.96,,12/25/2016
2016.9993,55.76,,,,,12/29/2016
2017.013,,,,48.86,,1/4/2017
2017.0265,46.96,,,,,1/9/2017
2017.0403,,,,36.96,,1/14/2017
2017.0535,27.36,,,,,1/19/2017
2017.0675,,,,24.66,,1/24/2017
2017.0807,20.06,,,,,1/29/2017
2017.0943,,,,17.76,,2/3/2017
2017.1078,5.86,,,,,2/8/2017
2017.1218,,,,8.46,,2/13/2017
2017.1352,9.56,,,,,2/18/2017
2017.1486,,,,18.36,,2/23/2017
2017.1622,7.86,,,,,2/28/2017
2017.1761,,,,7.96,,3/5/2017
2017.1893,-4.84,,,,,3/10/2017
2017.2033,,,,-2.44,,3/15/2017
2017.2038,-5.94,,,,,3/15/2017
2017.2302,,,,1.26,,3/25/2017
2017.2507,-5.14,,,,,4/1/2017
2017.2576,,,,7.16,,4/4/2017
2017.2708,12.96,,,,,4/8/2017
2017.2846,,,,13.46,,4/13/2017
2017.2981,17.96,,,,,4/18/2017
2017.3119,,,,13.06,,4/23/2017
2017.3251,4.86,,,,,4/28/2017
2017.339,,,,5.96,,5/3/2017
2017.3526,6.76,,,,,5/8/2017
2017.3662,,,,16.06,,5/13/2017
2017.3712,8.46,,,,,5/15/2017
2017.3932,20.76,,,,,5/23/2017
2017.4204,19.16,,,,,6/2/2017
2017.4478,29.76,,,,,6/12/2017
2017.4747,40.46,,,,,6/22/2017
2017.5019,56.06,,,,,7/2/2017
2017.529,65.66,,,,,7/12/2017
2017.5561,55.36,,,,,7/22/2017
2017.5834,83.16,,,,,8/1/2017
2017.6104,86.46,,,,,8/10/2017
2017.6377,89.76,,,,,8/20/2017
2017.6647,98.06,,,,,8/30/2017
2017.6919,117.46,,,,,9/9/2017
2017.719,120.86,,,,,9/19/2017
2017.7463,113.86,,,,,9/29/2017
2017.7733,114.86,,,,,10/9/2017
2017.8005,106.96,,,,,10/19/2017
2017.8277,90.86,,,,,10/29/2017
2017.8549,105.06,,,,,11/8/2017
2017.8819,103.76,,,,,11/18/2017
2017.9091,86.06,,,,,11/28/2017
2017.9362,81.26,,,,,12/7/2017
2017.9635,75.06,,,,,12/17/2017
2017.9905,73.16,,,,,12/27/2017
2018.0178,67.36,,,,,1/6/2018
2018.0447,66.46,,,,,1/16/2018
2018.0719,49.96,,,,,1/26/2018
2018.0989,50.76,,,,,2/5/2018
2018.1261,37.96,,,,,2/15/2018
2018.1533,13.06,,,,,2/24/2018
2018.1807,4.16,,,,,3/7/2018
2018.2077,0.56,,,,,3/16/2018
2018.2347,14.06,,,,,3/26/2018
2018.2618,11.46,,,,,4/5/2018
2018.2892,3.86,,,,,4/15/2018
2018.3162,-6.74,,,,,4/25/2018
2018.3434,10.26,,,,,5/5/2018
2018.3705,25.86,,,,,5/15/2018
2018.3977,28.76,,,,,5/25/2018
2018.425,27.56,,,,,6/4/2018
2018.4521,16.56,,,,,6/14/2018
2018.4791,37.06,,,,,6/23/2018
2018.5064,53.46,,,,,7/3/2018
2018.5336,52.26,,,,,7/13/2018
2018.5606,69.56,,,,,7/23/2018
2018.5877,90.26,,,,,8/2/2018
2018.6149,87.06,,,,,8/12/2018
2018.6421,96.36,,,,,8/22/2018
2018.6692,114.56,,,,,9/1/2018
2018.6964,137.06,,,,,9/11/2018
2018.7236,134.06,,,,,9/21/2018
2018.7506,121.26,,,,,10/1/2018
2018.7779,117.66,,,,,10/11/2018
2018.805,114.16,,,,,10/21/2018
2018.832,112.36,,,,,10/30/2018
2018.8593,111.66,,,,,11/9/2018
2018.8869,106.76,,,,,11/19/2018
2018.9137,104.96,,,,,11/29/2018
2018.9405,76.96,,,,,12/9/2018
2018.9679,60.06,,,,,12/19/2018
2018.9949,60.56,,,,,12/29/2018
2019.0222,44.46,,,,,1/8/2019
2019.0491,52.16,,,,,1/17/2019
2019.0762,38.66,,,,,1/27/2019
2019.1037,30.26,,,,,2/6/2019
2019.1304,30.56,,,,,2/16/2019
2019.1467,32.76,,,,,2/22/2019
2019.1879,18.36,,,,,3/9/2019
2019.2122,11.96,,,,,3/18/2019
2019.2393,22.96,,,,,3/28/2019
2019.2607,20.26,,,,,4/5/2019
2019.2936,16.16,,,,,4/17/2019
2019.3208,20.76,,,,,4/27/2019
2019.3479,28.46,,,,,5/7/2019
2019.3751,32.96,,,,,5/17/2019
2019.4022,34.36,,,,,5/26/2019
2019.4293,37.46,,,,,6/5/2019
2019.4565,38.86,,,,,6/15/2019
2019.4836,48.16,,,,,6/25/2019
2019.5108,65.96,,,,,7/5/2019
2019.538,69.16,,,,,7/15/2019
2019.5652,89.26,,,,,7/25/2019
2019.5923,83.66,,,,,8/4/2019
2019.6194,92.76,,,,,8/14/2019
2019.6466,103.66,,,,,8/24/2019
2019.6737,109.86,,,,,9/3/2019
2019.7009,110.36,,,,,9/13/2019
2019.728,125.56,,,,,9/22/2019
2019.7552,131.06,,,,,10/2/2019
2019.7823,131.26,,,,,10/12/2019
2019.8094,119.16,,,,,10/22/2019
2019.8366,116.06,,,,,11/1/2019
2019.8639,117.06,,,,,11/11/2019
2019.8911,114.26,,,,,11/21/2019
2019.918,101.36,,,,,12/1/2019
2019.9448,79.56,,,,,12/11/2019
2019.9724,70.36,,,,,12/21/2019
2019.9993,67.26,,,,,12/30/2019
2020.0265,74.26,,,,,1/9/2020
2020.0536,64.66,,,,,1/19/2020
2020.0753,48.06,,,,,1/27/2020
2020.1119,44.26,,,,,2/9/2020
2020.1356,39.26,,,,,2/18/2020
2020.1624,31.36,,,,,2/28/2020
2020.1897,33.46,,,,,3/9/2020
2020.2166,23.46,,,,,3/19/2020
2020.244,18.56,,,,,3/29/2020
2020.271,12.76,,,,,4/7/2020
2020.2981,15.46,,,,,4/17/2020
2020.3252,13.36,,,,,4/27/2020
2020.3525,6.16,,,,,5/7/2020
2020.3795,-0.94,,,,,5/17/2020
2020.4066,44.76,,,,,5/27/2020
2020.4339,44.66,,,,,6/6/2020
2020.4605,37.56,,,,,6/16/2020
2020.4882,54.66,,,,,6/26/2020
2020.5153,58.66,,,,,7/6/2020
2020.5425,77.16,,,,,7/16/2020
2020.5696,86.06,,,,,7/26/2020
2020.5967,104.56,,,,,8/4/2020
2020.624,97.86,,,,,8/14/2020
2020.651,106.96,,,,,8/24/2020
2020.6783,123.26,,,,,9/3/2020
2020.7054,120.66,,,,,9/13/2020
2020.7326,115.66,,,,,9/23/2020
2020.7596,116.96,,,,,10/3/2020
2020.7867,114.66,,,,,10/13/2020
2020.8116,120.46,,,,,10/22/2020
2020.8417,110.56,,,,,11/2/2020
2020.8683,128.76,,,,,11/12/2020
2020.8952,112.06,,,,,11/21/2020
2020.9225,97.06,,,,,12/1/2020
2020.9495,80.66,,,,,12/11/2020
2020.9767,85.86,,,,,12/21/2020
2020.9768,,,,,88.73,12/21/2020
2021.0041,65.66,,,,66.63,1/1/2021
2021.0308,,,,,54.93,1/11/2021
2021.031,53.46,,,,,1/11/2021
2021.0582,,,,,57.83,1/21/2021
2021.0583,56.26,,,,,1/21/2021
2021.0855,48.16,,,,,1/31/2021
2021.0856,,,,,50.63,1/31/2021
2021.1124,39.06,,,,,2/10/2021
2021.1126,,,,,42.13,2/10/2021
2021.1395,31.86,,,,35.73,2/19/2021
2021.1663,,,,,15.33,3/1/2021
2021.1669,12.86,,,,,3/1/2021
2021.194,13.16,,,,14.93,3/11/2021
2021.2211,7.66,,,,,3/21/2021
2021.2224,,,,,7.93,3/22/2021
2021.2484,11.26,,,,11.03,3/31/2021
2021.2755,26.46,,,,25.53,4/10/2021
2021.3019,29.66,,,,,4/20/2021
2021.3025,,,,,28.23,4/20/2021
2021.3297,25.96,,,,,4/30/2021
2021.3309,,,,,22.73,4/30/2021
2021.3569,26.66,,,,29.03,5/10/2021
2021.384,23.66,,,,,5/20/2021
2021.3841,,,,,24.93,5/20/2021
2021.4111,28.76,,,,27.53,5/30/2021
2021.4383,55.56,,,,53.43,6/9/2021
2021.4656,62.06,,,,,6/19/2021
2021.4658,,,,,60.73,6/19/2021
2021.4926,46.96,,,,43.53,6/28/2021
2021.5198,61.96,,,,61.03,7/8/2021
2021.5469,82.86,,,,78.03,7/18/2021
2021.5741,97.16,,,,95.13,7/28/2021
2021.6012,107.66,,,,106.53,8/7/2021
2021.6284,106.66,,,,103.13,8/17/2021
2021.6555,108.86,,,,107.53,8/27/2021
2021.6826,109.66,,,,106.83,9/6/2021
2021.7098,118.76,,,,,9/16/2021
2021.7101,,,,,119.13,9/16/2021
2021.7369,,,,,127.23,9/26/2021
2021.737,128.36,,,,,9/26/2021
2021.764,,,,,145.33,10/6/2021
2021.7641,144.76,,,,,10/6/2021
2021.7912,147.46,,,,147.83,10/15/2021
2021.8184,145.76,,,,145.93,10/25/2021
2021.8454,128.86,,,,127.13,11/4/2021
2021.8728,128.56,,,,129.63,11/14/2021
2021.8998,115.36,,,,114.83,11/24/2021
2021.9269,94.26,,,,94.83,12/4/2021
2021.9544,104.46,,,,106.03,12/14/2021
2021.9813,84.76,,,,,12/24/2021
2021.9814,,,,,88.03,12/24/2021
2022.008,82.96,,,,85.73,1/2/2022
2022.0358,70.86,,,,72.73,1/13/2022
2022.0627,,,,,54.83,1/22/2022
2022.0629,53.46,,,,,1/22/2022
2022.0897,55.46,,,,57.83,2/1/2022
2022.1172,38.26,,,,,2/11/2022
2022.1175,,,,,41.33,2/11/2022
2022.1436,42.76,,,,47.13,2/21/2022
2022.1713,25.86,,,,31.33,3/3/2022
2022.1984,18.56,,,,23.43,3/13/2022
2022.2256,,,,,19.03,3/23/2022
2022.2257,17.76,,,,,3/23/2022
2022.2528,6.26,,,,8.73,4/2/2022
2022.28,,,,,15.33,4/12/2022
2022.3072,,,,,19.83,4/22/2022
2022.3201,-7.14,,,,,4/26/2022
2022.3343,,,,,8.33,5/2/2022
2022.3395,14.56,,,,,5/4/2022
2022.3615,,,,,45.73,5/12/2022
2022.3667,51.66,,,,,5/13/2022
2022.3884,,,,,39.03,5/21/2022
2022.3938,38.56,,,,,5/23/2022
2022.4156,,,,,44.83,5/31/2022
2022.4209,49.06,,,,,6/2/2022
2022.4428,,,,,61.13,6/10/2022
2022.4481,70.26,,,,,6/12/2022
2022.47,,,,,74.43,6/20/2022
2022.4753,76.16,,,,,6/22/2022
2022.4971,,,,,62.13,6/30/2022
2022.5024,73.16,,,,,7/2/2022
2022.5243,,,,,75.93,7/10/2022
2022.5295,85.26,,,,,7/12/2022
2022.5515,,,,,93.13,7/20/2022
2022.5567,99.36,,,,,7/22/2022
2022.5786,,,,,105.53,7/30/2022
2022.5839,109.56,,,,,8/1/2022
2022.6056,,,,,101.93,8/9/2022
2022.6109,105.16,,,,,8/11/2022
2022.6329,,,,,109.93,8/19/2022
2022.6381,107.06,,,,,8/21/2022
2022.66,,,,,106.03,8/29/2022
2022.6653,112.56,,,,,8/31/2022
2022.687,,,,,129.93,9/7/2022
2022.6925,136.86,,,,,9/9/2022
2022.7143,,,,,137.53,9/17/2022
2022.7196,139.46,,,,,9/19/2022
2022.7416,,,,,141.73,9/27/2022
2022.7468,140.26,,,,,9/29/2022
2022.7686,,,,,140.73,10/7/2022
2022.7738,137.16,,,,,10/9/2022
2022.7957,,,,,135.53,10/17/2022
2022.801,133.86,,,,,10/19/2022
2022.8229,,,,,133.63,10/27/2022
2022.8282,135.06,,,,,10/29/2022
2022.8502,,,,,136.83,11/6/2022
2022.8555,133.36,,,,,11/8/2022
2022.8772,,,,,143.53,11/16/2022
2022.8824,140.26,,,,,11/18/2022
2022.9046,,,,,124.53,11/26/2022
2022.9098,122.56,,,,,11/28/2022
2022.9313,,,,,107.43,12/6/2022
2022.936,102.66,,,,,12/7/2022
2022.9586,,,,,110.73,12/16/2022
2022.9637,106.36,,,,,12/17/2022
2022.9858,,,,,83.33,12/26/2022
2022.9909,81.06,,,,,12/27/2022
2023.0129,,,,,86.73,1/4/2023
2023.0179,85.46,,,,,1/6/2023
2023.04,,,,,75.83,1/14/2023
2023.0453,71.66,,,,,1/16/2023
2023.0673,,,,,65.43,1/24/2023
2023.0724,62.66,,,,,1/26/2023
2023.0943,,,,,65.03,2/3/2023
2023.0996,59.96,,,,,2/5/2023
2023.1215,,,,,48.13,2/13/2023
2023.1266,40.46,,,,,2/15/2023
2023.1481,,,,,22.83,2/23/2023
2023.1535,23.76,,,,,2/25/2023
2023.1761,,,,,44.13,3/5/2023
2023.1811,51.06,,,,,3/7/2023
2023.203,,,,,39.13,3/15/2023
2023.2082,37.26,,,,,3/17/2023
2023.23,,,,,23.33,3/25/2023
2023.2354,25.96,,,,,3/26/2023
2023.2572,,,,,48.03,4/3/2023
2023.2626,41.26,,,,,4/5/2023
2023.2845,,,,,32.23,4/13/2023
2023.2896,30.86,,,,,4/15/2023
2023.3115,,,,,33.73,4/23/2023
2023.3168,40.06,,,,,4/25/2023
2023.3388,,,,,31.73,5/3/2023
2023.3439,31.96,,,,,5/5/2023
2023.3658,,,,,33.83,5/13/2023
2023.3711,36.06,,,,,5/15/2023
2023.3929,,,,,42.03,5/23/2023
2023.3983,38.26,,,,,5/25/2023
2023.4201,,,,,50.23,6/2/2023
2023.4254,48.16,,,,,6/4/2023
2023.4473,,,,,55.53,6/12/2023
2023.4526,59.16,,,,,6/14/2023
2023.4746,,,,,67.23,6/22/2023
2023.4798,69.26,,,,,6/24/2023
2023.5015,,,,,85.23,7/2/2023
2023.5069,86.06,,,,,7/4/2023
2023.5287,,,,,93.03,7/12/2023
2023.534,93.56,,,,,7/14/2023
2023.556,,,,,83.23,7/22/2023
2023.5613,84.76,,,,,7/24/2023
2023.5829,,,,,95.23,7/31/2023
2023.5882,105.16,,,,,8/2/2023
2023.6102,,,,,112.23,8/10/2023
2023.6154,113.86,,,,,8/12/2023
2023.6375,,,,,106.53,8/20/2023
2023.6426,111.56,,,,,8/22/2023
2023.6643,,,,,128.33,8/30/2023
2023.6698,125.96,,,,,9/1/2023
2023.6916,,,,,126.23,9/9/2023
2023.6968,131.36,,,,,9/11/2023
2023.7188,,,,,135.63,9/19/2023
2023.7241,136.36,,,,,9/21/2023
2023.7459,,,,,145.13,9/29/2023
2023.7513,139.36,,,,,10/1/2023
2023.7731,,,,,150.13,10/9/2023
2023.7784,146.96,,,,,10/11/2023
2023.8002,,,,,135.93,10/19/2023
2023.8056,130.16,,,,,10/21/2023
2023.8273,,,,,145.83,10/29/2023
2023.8545,,,,,134.23,11/8/2023
2023.8816,,,,,113.13,11/18/2023
2023.887,112.06,,,,,11/19/2023
2023.9088,,,,,100.23,11/27/2023
2023.914,98.06,,,,,11/29/2023
2023.9361,,,,,96.23,12/7/2023
2023.9414,98.36,,,,,12/9/2023
2023.9684,105.86,,,,,12/19/2023
2023.9956,98.66,,,,,12/29/2023
2024.0227,97.16,,,,,1/8/2024
2024.0496,69.26,,,,,1/18/2024
2024.077,58.06,,,,,1/28/2024
2024.1041,54.26,,,,,2/7/2024
2024.1309,59.76,,,,,2/16/2024
2024.1476,74.56,,,,,2/22/2024
